block_id,trial_id,task,task_duration,feedback,ask_end_group_questionnaire
1,2,run,10,neuroadaptive, false
1,3,walk,30,neuroadaptive, false
1,4,run,30,neuroadaptive, false
1,5,walk,10,neuroadaptive, false
1,6,walk,20,neuroadaptive, false
1,7,run,20,neuroadaptive, true
1,8,run,30,blank,false
1,9,walk,10,blank,false
1,10,run,20,blank,false
1,11,walk,20,blank,false
1,12,run,10,blank,false
1,13,walk,30,blank,true
1,14,run,20,neuroadaptive,false
1,15,walk,30,neuroadaptive,false
1,16,walk,20,neuroadaptive,false
1,17,walk,10,neuroadaptive,false
1,18,run,10,neuroadaptive,false
1,19,run,30,neuroadaptive,true
1,20,walk,10,recorded,false
1,21,run,10,recorded,false
1,22,run,20,recorded,false
1,23,run,30,recorded,false
1,24,walk,20,recorded,false
1,25,walk,30,recorded,true
1,26,walk,10,neuroadaptive,false
1,27,run,30,neuroadaptive,false
1,28,run,20,neuroadaptive,false
1,29,walk,20,neuroadaptive,false
1,30,run,10,neuroadaptive,false
1,31,walk,30,neuroadaptive,true
1,32,run,30,recorded,false
1,33,walk,20,recorded,false
1,34,run,20,recorded,false
1,35,run,10,recorded,false
1,36,walk,10,recorded,false
1,37,walk,30,recorded,true
1,38,walk,10,blank,false
1,39,walk,20,blank,false
1,40,run,20,blank,false
1,41,run,30,blank,false
1,42,walk,30,blank,false
1,43,run,10,blank,true
1,44,run,30,neuroadaptive,false
1,45,walk,30,neuroadaptive,false
1,46,run,10,neuroadaptive,false
1,47,walk,10,neuroadaptive,false
1,48,run,20,neuroadaptive,false
1,49,walk,20,neuroadaptive,true
1,50,walk,30,recorded,false
1,51,walk,20,recorded,false
1,52,walk,10,recorded,false
1,53,run,30,recorded,false
1,54,run,10,recorded,false
1,55,run,20,recorded,true
1,56,run,20,blank,false
1,57,run,10,blank,false
1,58,run,30,blank,false
1,59,walk,10,blank,false
1,60,walk,20,blank,false
1,61,walk,30,blank,true
1,62,run,30,neuroadaptive,false
1,63,walk,20,neuroadaptive,false
1,64,walk,10,neuroadaptive,false
1,65,run,20,neuroadaptive,false
1,66,walk,30,neuroadaptive,false
1,67,run,10,neuroadaptive,true
1,68,run,20,blank,false
1,69,walk,10,blank,false
1,70,run,30,blank,false
1,71,walk,30,blank,false
1,72,walk,20,blank,false
1,73,run,10,blank,true
1,74,walk,30,recorded,false
1,75,walk,10,recorded,false
1,76,run,20,recorded,false
1,77,run,10,recorded,false
1,78,run,30,recorded,false
1,79,walk,20,recorded,true
1,80,walk,10,recorded,false
1,81,run,20,recorded,false
1,82,run,10,recorded,false
1,83,run,30,recorded,false
1,84,walk,30,recorded,false
1,85,walk,20,recorded,true
1,86,walk,30,blank,false
1,87,run,10,blank,false
1,88,run,30,blank,false
1,89,walk,20,blank,false
1,90,run,20,blank,false
1,91,walk,10,blank,true
1,92,walk,30,neuroadaptive,false
1,93,walk,10,neuroadaptive,false
1,94,run,10,neuroadaptive,false
1,95,run,20,neuroadaptive,false
1,96,walk,20,neuroadaptive,false
1,97,run,30,neuroadaptive,true
1,98,walk,10,neuroadaptive,false
1,99,run,20,neuroadaptive,false
1,100,run,10,neuroadaptive,false
1,101,walk,30,neuroadaptive,false
1,102,walk,20,neuroadaptive,false
1,103,run,30,neuroadaptive,true
1,104,walk,20,recorded,false
1,105,run,10,recorded,false
1,106,walk,30,recorded,false
1,107,run,30,recorded,false
1,108,run,20,recorded,false
1,109,walk,10,recorded,true
1,110,run,30,blank,false
1,111,run,20,blank,false
1,112,walk,10,blank,false
1,113,walk,30,blank,false
1,114,walk,20,blank,false
1,115,run,10,blank,true
1,116,walk,30,blank,false
1,117,walk,10,blank,false
1,118,run,30,blank,false
1,119,walk,20,blank,false
1,120,run,20,blank,false
1,121,run,10,blank,true
1,122,walk,10,neuroadaptive,false
1,123,walk,20,neuroadaptive,false
1,124,walk,30,neuroadaptive,false
1,125,run,20,neuroadaptive,false
1,126,run,30,neuroadaptive,false
1,127,run,10,neuroadaptive,true
1,128,run,20,recorded,false
1,129,run,30,recorded,false
1,130,walk,20,recorded,false
1,131,run,10,recorded,false
1,132,walk,10,recorded,false
1,133,walk,30,recorded,true
1,134,run,30,recorded,false
1,135,run,20,recorded,false
1,136,walk,30,recorded,false
1,137,walk,20,recorded,false
1,138,run,10,recorded,false
1,139,walk,10,recorded,true
1,140,walk,10,neuroadaptive,false
1,141,run,30,neuroadaptive,false
1,142,walk,30,neuroadaptive,false
1,143,run,20,neuroadaptive,false
1,144,walk,20,neuroadaptive,false
1,145,run,10,neuroadaptive,true
1,146,walk,30,blank,false
1,147,run,20,blank,false
1,148,run,30,blank,false
1,149,walk,10,blank,false
1,150,walk,20,blank,false
1,151,run,10,blank,true
1,152,walk,10,neuroadaptive,false
1,153,run,10,neuroadaptive,false
1,154,walk,30,neuroadaptive,false
1,155,walk,20,neuroadaptive,false
1,156,run,20,neuroadaptive,false
1,157,run,30,neuroadaptive,true
1,158,walk,30,recorded,false
1,159,walk,20,recorded,false
1,160,run,20,recorded,false
1,161,walk,10,recorded,false
1,162,run,30,recorded,false
1,163,run,10,recorded,true
1,164,walk,20,blank,false
1,165,run,20,blank,false
1,166,walk,10,blank,false
1,167,run,10,blank,false
1,168,run,30,blank,false
1,169,walk,30,blank,true
1,170,run,10,blank,false
1,171,walk,10,blank,false
1,172,walk,30,blank,false
1,173,run,20,blank,false
1,174,walk,20,blank,false
1,175,run,30,blank,true
1,176,run,10,recorded,false
1,177,run,30,recorded,false
1,178,run,20,recorded,false
1,179,walk,30,recorded,false
1,180,walk,20,recorded,false
1,181,walk,10,recorded,true
1,182,run,20,neuroadaptive,false
1,183,walk,20,neuroadaptive,false
1,184,run,30,neuroadaptive,false
1,185,walk,10,neuroadaptive,false
1,186,run,10,neuroadaptive,false
1,187,walk,30,neuroadaptive,true
1,188,walk,10,blank,false
1,189,walk,30,blank,false
1,190,run,30,blank,false
1,191,run,20,blank,false
1,192,walk,20,blank,false
1,193,run,10,blank,true
1,194,walk,10,neuroadaptive,false
1,195,walk,20,neuroadaptive,false
1,196,walk,30,neuroadaptive,false
1,197,run,20,neuroadaptive,false
1,198,run,10,neuroadaptive,false
1,199,run,30,neuroadaptive,true
1,200,run,10,recorded,false
1,201,run,20,recorded,false
1,202,walk,30,recorded,false
1,203,run,30,recorded,false
1,204,walk,10,recorded,false
1,205,walk,20,recorded,true
1,206,walk,30,recorded,false
1,207,run,30,recorded,false
1,208,run,20,recorded,false
1,209,walk,10,recorded,false
1,210,run,10,recorded,false
1,211,walk,20,recorded,true
1,212,walk,30,blank,false
1,213,run,30,blank,false
1,214,walk,20,blank,false
1,215,run,20,blank,false
1,216,run,10,blank,false
1,217,walk,10,blank,true
1,218,run,30,neuroadaptive,false
1,219,run,10,neuroadaptive,false
1,220,run,20,neuroadaptive,false
1,221,walk,10,neuroadaptive,false
1,222,walk,30,neuroadaptive,false
1,223,walk,20,neuroadaptive,true
